id	name
00103	acido acetilsalicilico
00106	paracetamol solucion oral
00108	metamizol sodico comprimido
00109	metamizol sodico solucion inyectable
05394	fórmula de proteína extensamente hidrolizada con triglicéridos de cadena media polvo proteína
05644	factor viii de la coagulación sanguínea humano / factor de von willebrand solución inyectable 500 ui / 1
05643	factor viii de la coagulación sanguínea humano / factor de von willebrand solución inyectable 250 ui / 6
05413	alimento médico para niños de 8 años a adultos con acidemia isovalerica y otros trastornos del metabolismo
05412	alimento médico para niños de 1 a 8 años con acidemia isovalerica y otros trastornos del metabolismo
05389	nutrición parenteral emulsión inyectable bolsa de plástico de 2400 ml con tres compartimientos
05388	nutrición parenteral emulsión inyectable bolsa de plástico de 1440 ml con tres compartimientos
04172	vacuna contra el virus del papiloma humano suspensión inyectable tipo 6 20 μg  tipo 11 40 μg  tipo 1
05851	octocog alfa ( factor viii de la coagulación sanguínea humana recombinante adnr ) solución inyectable
05850	octocog alfa ( factor viii de la coagulación sanguínea humana recombinante adnr ) solución inyectable
05639	factor viii antihemofílico humano  factor de von willebrand solución inyectable 900 ui  800 ui
05411	alimento médico para menores de un año con acidemia isovalerica y otros trastornos del metabolismo
02366	sistema integral para la aplicacion de dialisis peritoneal automatizada solución para diálisis
02365	sistema integral para la aplicacion de dialisis peritoneal continua ambulatoria solución para diális
01924	bencilpenicilina procaínica - bencilpenicilina cristalina suspensión inyectable 600 000 ui / 200 000 u
00147	vacuna antineumocóccica conjugada con proteína d de haemophilus influenzae no tipificable ( nthi )
05638	factor viii antihemofílico humano  factor de von willebrand solución inyectable 450 ui  400 ui  7.5
01923	bencilpenicilina procaínica - bencilpenicilina cristalina suspensión inyectable 300 000 ui  / 100 000
05640	efavirenz  emtricitabina  tenofovir fumarato de disoproxilo tableta 600 mg  200 mg  300 mg  245 mg
04173	vacuna contra el virus del papiloma humano suspensión inyectable tipo 16 20 μg y tipo 18 20 μg.
03808	vacuna de refuerzo contra difteria  tetanos y tos ferina acelular ( tdpa ) suspensión inyectable
03820	vacuna triple viral contra sarampión  rubéola y parotiditis solución inyectable 0.5 ml.
05303	ácido micofenólico gragea con capa entérica o tableta de liberación prolongada 360 mg
05301	ácido micofenólico gragea con capa entérica o tableta de liberación prolongada 180 mg
03805	vacuna antipertussis con toxoides diftérico tetánico suspensión inyectable ( 10 dosis )
03821	vacuna triple viral contra sarampión  rubéola y parotiditis solución inyectable 5 ml.
03813	vacuna antipertussis toxoides diftérico y tetánico suspensión inyectable ( 20 dosis )
02740	lípidos intravenosos ( lípidos de cadena mediana y larga al 20%; soya / triglicéridos )
05406	alimento médico para pacientes con acidemia metilmalónicaypropiónica desde 8 años
03828	vacuna contra difteria  tosferina  tetanos  hepatitis b  poliomelitis sol. inyectable
05409	alimento médico  pacientes con homocistinuria recién nacidos hasta 8 años de edad
05393	aminoácidos enriquecidos con aminoácidos de cadena ramificada solución inyectable
05410	alimento médico para pacientes con homocistinuria  de 8 años o mayores y adultos
05408	alimento médico para pacientes con enfermedad de orina ( jarabe ) mayores a 8 años
05407	alimento médico para pacientes con enfermedad de orina ( jarabe ) menores a 8 años
05403	alimento médico para pacientes con trastornos del ciclo de urea menores a 8 años
04286	concentrado de proteínas humanas coagulables solución 70 - 110 mg ámpula de 0.5 ml
04285	concentrado de proteínas humanas coagulables solución 70 - 110 mg ámpula de 5.0 ml
04284	concentrado de proteínas humanas coagulables solución 70 - 110 mg ámpula de 2.0 ml
04283	concentrado de proteínas humanas coagulables solución 70 - 110 mg ámpula de 2.0 ml
03400	dipiridamol - acido acetilsalicilico cápsula de liberación prolongada 200 mg / 25 mg
05404	alimento médico para pacientes con trastorno del ciclo de la urea  desde 8 años
05491	hidralazina  valproato de magnesio tabletas de liberación prolongada 182 / 700 mg
05382	lípidos intravenosos ( lípidos de cadena larga al 20%; soya ó soya  /  cártamo )
02527	vacuna recombinante contra la hepatitis b suspensión inyectable 10 μg  /  0.5 ml
05492	hidralazina  valproato de magnesio tabletas de liberación prolongada 83 / 700 mg
02529	vacuna recombinante contra la hepatitis b suspensión inyectable 5 μg  /  0.5 ml
04219	complejo coagulante anti - inhibidor del factor viii solución inyectable 1000 u
05405	alimento médico para pacientes con acidemia metilmalónica menores a 8 años
04218	complejo coagulante anti - inhibidor del factor viii solución inyectable 500 u
02731	lípidos intravenosos ( lípidos cadena larga al 10%; soya ó soya  /  cártamo )
05251	interferón ( beta ) solución inyectable 6 millones uicon dispositivo médico
02363	solución para diálisis peritoneal con icodextrina 2000 ml tubería “y”
05361	metoxi - polietilenglicol eritropoyetina beta solución inyectable 0.075 mg
05360	metoxi - polietilenglicol eritropoyetina beta solución inyectable 0.050 mg
05392	dieta polimérica con fibra suspensión macro y micronutrimentos  fibra
05206	folitropina beta o folitropina alfa u hormona estimulante del folículo
03816	vacuna conjugada antihaemophilus influenzae tipo b solución inyectable
05800	amlodipino / valsartán / hidroclorotiazida comprimido 5 mg / 160 mg / 12.5 mg
05642	inmunoglobulina humana normal subcutánea solución inyectable 3300 mg
05641	inmunoglobulina humana normal subcutánea solución inyectable 1650 mg
03999	colágena - polivinilpirrolidona suspensión inyectable 141.3 mg / 8.33 mg
03800	vacuna doble viral contra saramp. y rub.suspensión inyectable 10 dosis
02526	vacuna recombinante contra hepatitis b suspensión inyectable 10 dosis
05254	interferón ( beta ) solución inyectable 6 millones ui con liofilizado
03831	inmunoglobulina humana hiperinmune antitetánica solución inyectable
03804	vacuna doble viral contra saramp. y rub.suspensión inyectable 1 dosis
02744	lípidos intravenosos ( lípidos de cadena larga al 20%; oliva  /  soya )
01933	bencilpenicilina sódica cristalina solución inyectable 5 000 000 ui
01921	bencilpenicilina sódica cristalina solución inyectable 1 000 000 ui
05711	paliperidona suspensión inyectable de liberación prolongada 100 mg
05710	paliperidona suspensión inyectable de liberación prolongada 150 mg
05378	manganeso solución inyectable 924 µg en 3 ml 25 ampolletas de 3 ml
04279	concentrado de proteínas humanas coagulables solución 200 a 300 mg
03844	suero antirrábico equino solución inyectable 1 000 ui / 10 ml frasco
00014	fórmula de seguimiento o continuación con o sin probióticos polvo
05713	paliperidona suspensión inyectable de liberación prolongada 50 mg
05712	paliperidona suspensión inyectable de liberación prolongada 75 mg
04282	concentrado de proteínas humanas coagulables solución 57.5 - 116 mg
04248	concentrado de proteínas humanas coagulables solución 80 a 120 mg
04231	inmunoglobulina antilinfocitos t humanos solución inyectable 25 mg
03509	medroxiprogesterona y cipionato de estradiol suspensión inyectable
02506	vacuna antihaemophilus influenzae tipo b dpt suspensión inyectable
04288	concentrado de proteínas humanas coagulables solución 345 - 698 mg
04287	concentrado de proteínas humanas coagulables solución 115 - 233 mg
02734	nutrición parenteral emulsión inyectable mezclas con glucosa 30g
02733	nutrición parenteral emulsión inyectable mezclas con glucosa 20g
02730	nutrición parenteral emulsión inyectable mezclas con glucosa 40g
02153	betametasona acetato de y fosfato disódico suspensión inyectable
04324	factor viii de la coagulación humano solución inyectable 500 ui
03802	vacuna antipoliomielítica oral trivalente tipo sabin suspensión
03132	neomicina  polimixina  fluocinolona y lidocaína solución ótica
02349	solución para diálisis peritoneal al 4.25% doble bolsa 2 000 ml
00437	teofilina comprimido tableta o cápsula de liberación prolongada
00267	lidocaína  epinefrina solución inyectable 50 cartuchos dentales
05391	dieta polimérica sin fibra suspensión macro y micronutrimentos
04376	vitaminas ( polivitaminas ) y minerales tableta  cápsula o gragea
02348	solución para diálisis peritoneal al 1.5% doble bolsa 2 000 ml
02344	solución para diálisis peritoneal al 4.25 % envase con 2000 ml
02343	solución para diálisis peritoneal al 4.25 % envase con 1000 ml
02358	solución para diálisis peritoneal al 4.25% bolsa con 2 500 ml
02355	solución para diálisis peritoneal al 4.25% bolsa con 6 000 ml
02354	solución para diálisis peritoneal al 4.25% bolsa con 2 000 ml
02347	solución para diálisis peritoneal al 4.25% bolsa con 5 000 ml
02346	solución para diálisis peritoneal al 1.5% envase con 5 000 ml
02231	metiltionino cloruro de ( azul de metileno ) solución inyectable
05630	clopidogrel  ácido acetilsalicílico tableta 75 mg – 100 mg
04352	toxina botulínica tipo a solución inyectable 12.5 ng ( 500 u )
02630	valproato semisódico tableta de liberación prolongada 500 mg
02517	solución para diálisis peritoneal al 4.25% envase con 500 ml
02509	benzatina bencilpenicilina suspensión inyectable 2 400 000 ui
02357	solución para diálisis peritoneal al 1.5% bolsa con 2 500 ml
02356	solución para diálisis peritoneal al 1.5% bolsa con 2 000 ml
02353	solución para diálisis peritoneal al 2.5% bolsa con 6 000 ml
02352	solución para diálisis peritoneal al 2.5% bolsa con 2 000 ml
02351	solución para diálisis peritoneal al 2.5% bolsa con 2 500 ml
02350	solución para diálisis peritoneal al 1.5% bolsa con 6 000 ml
01938	bencilpenicilina benzatínica compuesta suspensión inyectable
01925	benzatina bencilpenicilina suspensión inyectable 1 200 000 ui
01081	gonadotropina coriónica solución inyectable o frasco ámpula
00148	vacuna conjugada neumococica 13 - valente suspensión inyectable
04452	loratadina y pseudoefedrina grageas de liberación prolongada
04155	gonadotrofinas postmenopáusicas humanas solución inyectable
02516	solución para diálisis peritoneal al 1.5% envase con 500 ml
02511	vacuna recombinante contra hepatitis b suspensión inyectable
02168	aminoácidos esenciales sin electrolitos solución inyectable
00265	lidocaína  epinefrina solución inyectable 5 frascos ámpula
05397	fórmula o dieta inmunorreguladora polvo ó suspensión oral
04420	brimonidina - timolol solución oftálmica 2.00 mg  /  6.80 mg
03850	faboterápico polivalente anticoralillo solución inyectable
03848	faboterápico polivalente antiarácnido solución inyectable
03147	fexofenadina - pseudoefedrina gragea de liberación prolongada
02655	entacapona  levodopa  carbidopa tableta 200 mg / 50 mg / 12.5 mg
02361	solución para diálisis peritoneal con aminoácidos 2500 ml
02360	solución para diálisis peritoneal con aminoácidos 2000 ml
02175	cloramfenicol y sulfacetamida sódica suspensión oftálmica
00071	benzatina bencilpenicilina suspensión inyectable 600 000 ui
03849	faboterápico polivalente antiviperino solución inyectable
03847	faboterápico polivalente antialacrán solución inyectable
03810	toxoides tetánico y diftérico ( td ) suspensión inyectable
02364	solución para diálisis peritoneal con icodextrina 2000 ml
02341	solución para diálisis peritoneal con 2 000 ml peritoneal
02104	morfina tableta o cápsula de liberación prolongada 100 mg
01924	bencilpenicilina procainica con bencilpenicilina cristalina
01923	bencilpenicilina procainica con bencilpenicilina cristalina
02824	neomicina  polimixina b y bacitracina ungüento oftálmico
02823	neomicina  polimixina b y gramicidina solución oftálmica
02508	beclometasona dipropionato de suspensión en aerosol 50 mg
02105	morfina tableta o cápsula de liberación prolongada 60 mg
01509	estrógenos conjugados y medroxiprogesterona gragea 5.0 mg
01508	estrógenos conjugados y medroxiprogesterona gragea 2.5 mg
00477	beclometasona dipropionato de suspensión en aerosol 10 mg
05402	fórmula libre de fenilalanina para adolescente y adulto
05244	inmunoglobulina g no modificada solución inyectable 5 g
05240	inmunoglobulina g no modificada solución inyectable 6 g
03833	inmunoglobulina humana antirrábica solución inyectable
03422	ketorolaco trometamina solución inyectable o ampolletas
03422	ketorolaco trometamina solución inyectable
03422	ketorolaco trometamina ampolletas
00012	sucedáneo de leche humana de término sin lactosa polvo
05359	valproato de magnesio tableta de liberación prolongada
05338	eritropoyetina beta humana solución inyectable 6000 ui
04281	gentamicina colageno implante de 10 cm x 10 cm x 0.5 cm
03806	vacuna antitifoídica inactivada suspensión inyectable
03619	bicarbonato de sodio solución inyectable al 7.5% 10 ml
03618	bicarbonato de sodio solución inyectable al 7.5% 50 ml
03417	diclofenaco cápsula o gragea de liberación prolongada
00247	dexmedetomidina solución inyectable y frascos ámpula.
05635	dexlansoprazol cápsula de liberación retardada 60 mg
05237	interferón ( beta ) solución inyectable 12 millones ui
04165	insulina detemir solución inyectable 100 u ( 14.20 mg )
04143	folitropina beta u hormona solución inyectable 100 ui
03664	gelatina solución inyectable polimerizado de gelatina
03632	solución de glucosa al 5% solución inyectable 100 ml
03612	cloruro de sodio y glucosa solución inyectable 500 ml
03611	cloruro de sodio y glucosa solución inyectable 250 ml
02657	levodopa y carbidopa tableta de liberación prolongada
02409	rifampicina cápsula o comprimido o tableta recubierta
02180	levobunolol / alcohol polivinílico solución oftálmica
02130	amoxicilina - ácido clavulánico solución inyectable
05250	interferón ( beta ) solución inyectable 8 millones ui
04472	metilfenidato tableta de liberación prolongada 36 mg
04471	metilfenidato tableta de liberación prolongada 27 mg
04470	metilfenidato tableta de liberación prolongada 18 mg
04142	folitropina beta u hormona solución inyectable 50 ui
03631	solución de glucosa al 5% solución inyectable 50 ml
03610	cloruro de sodio solución inyectable al 0.9% 1000 ml
03049	goserelina implante de liberación prolongada 10.8 mg
02739	dieta polimérica a base de caseinato de calcio polvo
00831	alantoína y alquitrán de hulla suspensión dérmica
00151	vacuna pentavalente contra rotavirus suspensión oral
05386	cloruro de sodio solución inyectable al 17.7% 10 ml
05287	imipenem – cilastatina solución inyectable 250 mg
05265	imipenem – cilastatina solución inyectable 500 mg
05252	factor viii recombinante solución inyectable 250 ui
04280	gentamicina colageno implante de 5 cm x 5cm x 0.5 cm
04232	globulina equina antitimocitica solución inyectable
03819	vacuna atenuada contra varicela solución inyectable
03627	cloruro de sodio solución inyectable al 0.9% 100 ml
03048	goserelina implante de liberación prolongada 3.6 mg
02738	aminoácidos cristalinos solución inyectable 500 ml
02622	valproato de magnesio tableta con cubierta entérica
02528	inmunoglobulina antihepatitis b solución inyectable
02512	aminoácidos cristalinos solución inyectable 250 ml
01522	hidroxiprogesterona caproato de solución inyectable
05670	anidulafungina solución inyectable 122 mg / 102.5 mg
05494	quetiapina tableta de liberación prolongada 300 mg
05335	fosfolipidos de pulmon porcino suspensión 80 mg / ml
05304	alfa cetoanálogos de aminoácidos gragea o tableta
05222	peginterferón alfa - 2b solución inyectable 120 µg
04234	globulina antilinfocito humano solución inyectable
03817	vacuna antirrábica inactivada solución inyectable
03671	cloruro de sodio solución inyectable al 0.9% 10 ml
03626	cloruro de sodio solución inyectable al 0.9% 50 ml
03055	leuprorelina suspensión inyectable 7.5 mg  /  0.3 ml
02510	bencilpenicilina procaínica suspensión inyectable
02505	sodio bicarbonato de potasio tabletas efervescentes
02501	enalapril o lisinopril oramipril cápsula o tableta
02186	prednisolona - sulfacetamida suspensión oftálmica
05702	vildagliptina  metformina comprimido 50 mg / 1000 mg
05698	inmunoglobulina humana solución inyectable 10.0 g
05312	quinupristina - dalfopristina solución inyectable
05255	trimetoprima - sulfametoxazol solución inyectable
05224	peginterferon alfa - 2b solución inyectable 100 µg
05221	peginterferón alfa - 2b solución inyectable 80 µg
04239	factor antihemofílico humano solución inyectable
03832	inmunoglobulina humana normal solución inyectable
03622	electrolitos orales ( fórmula de osmolaridad baja )
03507	levonorgestrel y etinilestradiol gragea 28 grageas
03504	levonorgestrel y etinilestradiol gragea 21 grageas
02737	aminoácidos con electrolitos solución inyectable
02717	vitaminas y minerales tableta riboflavina  tiamina
02716	vitaminas y minerales suspensión oral riboflavina
02709	vitaminas y minerales suspensión o solución oral
02673	ergotamina y cafeína comprimido  gragea o tableta
02118	aceite de almendras dulces crema envase con 240 ml
01903	trimetoprima - sulfametoxazol tableta o comprimido
01736	estreptoquinasa solución inyectable 1 500 000 ui.
00910	aceite de almendras dulces crema envase con 235 ml
05701	vildagliptina  metformina comprimido 50 mg / 850 mg
05700	vildagliptina  metformina comprimido 50 mg / 500 mg
05697	inmunoglobulina humana solución inyectable 5.0 g
05696	inmunoglobulina humana solución inyectable 2.5 g
05694	somatropina solución inyectable 13.80 mg ( 36 ui )
05239	anticuerpos monoclonales cd3 solución inyectable
04033	oxicodona tableta de liberación prolongada 10 mg
04032	oxicodona tableta de liberación prolongada 20 mg
03841	antitoxina diftérica equina solución inyectable
03803	vacuna antipoliomielítica suspensión inyectable
03508	desogestrel y etinilestradiol tableta 28 tabletas
03505	desogestrel y etinilestradiol tableta 21 tabletas
02712	vitaminas y minerales cápsula de gelatina blanda
02263	tiotropio bromuro de cápsula 18 µg 20 cápsulas
02262	tiotropio bromuro de cápsula 18 µg 10 cápsulas
01713	hierro anminoquelado y ácido fólico suspensión
00569	nitroprusiato de sodio solución inyectable 50 mg
05848	iloprost solución para nebulizar 0.0134 / 0.010mg
05646	fluticasona suspensión en aerosol nasal 27.5 μ
05634	bemiparina de sodio solución inyectable 3500 ui
04592	piperacilina – tazobactam solución inyectable
03845	antitoxina tetánica equina solución inyectable
03662	seroalbúmina humana solución inyectable 12.5 g
03506	noretisterona y etinilestradiol tableta o gragea
02146	butilhioscina – metamizol solución inyectable
01735	estreptoquinasa solución inyectable 750 000 ui.
01734	estreptoquinasa solución inyectable 250 000 ui.
01501	estrógenos conjugados gragea o tableta 0.625 mg
01499	estrógenos conjugados gragea o tableta 1.250 mg
01489	estrógenos conjugados gragea o tableta 0.625 mg
05612	calcipotriol  betametasona ungüento 5 mg / 50 mg
05223	peginterferon alfa solución inyectable 180 µg
04222	nadroparina solución inyectable 5700 ui ui axa
03826	l - ornitina - l - aspartato solución inyectable 5 g
03620	gluconato de calcio solución inyectable al 10%
03615	solución hartmann solución inyectable 500 ml.
03613	cloruro de sodio y glucosa solución inyectable
00599	nifedipino comprimido de liberación prolongada
00145	vacuna antineumocóccica suspensión inyectable
00103	ácido acetilsalicílico tableta soluble 300 mg
05795	certolizumab pegol solución inyectable 200 mg
05742	linagliptina / metformina tableta 2.5 mg / 1000 mg
05704	sitagliptina  metformina comprimido 50 / 1000 mg
05666	toxina botulínica tipo a solución inyectable
05633	darbepoetina alfa solución inyectable 500 μg
05632	darbepoetina alfa solución inyectable 300 μg
05629	darbepoetina alfa solución inyectable 100 μg
05547	laronidasa solución inyectable 2.9 mg ( 500 u )
05381	oligometales endovenosos. solución inyectable
04552	seroalbúmina humana solución inyectable 10 g
04486	anfebutamona tableta de liberación prolongada
04362	toxina botulínica tipo a solución inyectable
04333	budesonida suspensión para nebulizar 0.500 mg
04332	budesonida suspensión para nebulizar 0.250 mg
04221	nadroparina solución inyectable 15 200 ui axa
04168	insulina glulisina solución inyectable 100 ui
04098	irbesartán - hidroclorotiazida tableta 300 mg
04061	cisatracurio  besilato de solución inyectable
04055	bupivacaína hiperbárica solución inyectable
03825	vacuna contra hepatitis a solución inyectable
03616	solución hartmann solución inyectable 100 ml.
03614	solución hartmann solución inyectable 250 ml.
03515	noretisterona y estradiol solución inyectable
02899	cloruro de sodio pomada o solución oftálmica
02671	dihidroergotamina / paracetamol / cafeína tableta
02415	isoniazida - rifampicina comprimido o cápsula
02197	fenilpropanolamina y bromofeniramina solución
01732	fitomenadiona solución o emulsión inyectable
01516	estradiol  drospirenona comprimido 1 mg  /  2 mg
00909	lanolina y aceite mineral ungüento oftálmico
00626	fitomenadiona solución o emulsión inyectable
00447	salmeterol  fluticasona polvo 50 μg  /  500 μg
00440	fluticasona suspensión en aerosol 0.5882 mg / g
00013	fórmula de proteína extensamente hidrolizada
05741	linagliptina / metformina tableta 2.5 mg / 850 mg
05740	linagliptina / metformina tableta 2.5 mg / 500 mg
05705	sitagliptina  metformina comprimido 50 / 500 mg
05703	sitagliptina  metformina comprimido 50 / 850 mg
05692	eritropoyetina solución inyectable 50 000 ui
05628	darbepoetina alfa solución inyectable 60 μg
05627	darbepoetina alfa solución inyectable 40 μg
05626	darbepoetina alfa solución inyectable 30 μg
05625	darbepoetina alfa solución inyectable 20 μg
05615	velaglucerasa alfa solución inyectable 400 u
05614	taliglucerasa alfa solución inyectable 200 u
05548	alglucosidasa alfa solución inyectable 50 mg
05401	fórmula de seguimiento libre de fenilalanina
05385	multivitaminas solución inyectable. infantil
05341	antitrombina iii solución inyectable 1000 ui
05339	eritropoyetina solución inyectable 50 000 ui
05337	tobramicina solución para nebulizador 300 mg
05174	somatropina solución inyectable 8 mg ( 24 ui )
04097	irbesartán - hidroclorotiazida tableta 150mg
04058	prilocaína  felipresina solución inyectable
03609	cloruro de sodio solución inyectable  500 ml
02345	solución para hemodiálisis libre de potasio
02155	nadroparina solución inyectable 2 850 ui axa
02129	amoxicilina - ácido clavulánico suspensión
01712	hierro anminoquelado y ácido fólico tableta
01544	ergometrina ( ergonovina ) solución inyectable
01514	estradiol trimegestona gragea 1 mg  /  0.250 mg
01513	estradiol trimegestona gragea 1 mg  /  0.125 mg
00443	salmeterol - fluticasona suspensión en aerosol
00146	vacuna antineumocóccica solución inyectable
06031	concentrado de proteinas humanas coagulables
05488	valproato de semisódico comprimido con capa
05434	leuprorelina suspensión inyectable 11.25 mg
05398	fórmula de proteína a base de aminoácidos
05383	vitaminas ( polivitaminas ) y minerales jarabe
05340	antitrombina iii solución inyectable 500 ui
05329	colfoscerilo palmitato de suspensión 108 mg
05187	omeprazol o pantoprazol solución inyectable
05140	tirotropina alfa solución inyectable 1.1 mg
05132	alantoína  alquitrán de hulla y clioquinol
04250	eptacog alfa solución inyectable 240 000 ui
04245	eptacog alfa solución inyectable 120 000 ui
04223	nadroparina solución inyectable 3800 ui axa
04151	coriogonadotropina alfa solución inyectable
04118	isosorbida dinitrato de solución inyectable
04114	trinitrato de glicerilo solución inyectable
03815	vacuna antisarampión suspensión inyectable
03634	solución de cloruro de sodio al 0.9% 100 ml
03608	cloruro de sodio solución inyectable 250 ml
02900	acetilcolina cloruro de solución oftálmica
02742	alanina y levoglutamina solución inyectable
02190	ipratropio - sambutamol suspensión en aerosol
02114	felodipino tableta de liberación prolongada
00450	fluticasona suspensión en aerosol 0.83 mg / g
00261	lidocaína solución inyectable al 1% 500 mg
00252	suxametonio  cloruro de solución inyectable
00011	sucedáneo de leche humana de término polvo
05802	irbesartán  amlodipino tableta 300 mg / 5 mg
05801	irbesartán  amlodipino tableta 150 mg / 5 mg
05761	moroctocog alfa solución inyectable 500 ui
05760	moroctocog alfa solución inyectable 250 ui
05549	agalsidasa alfa solución inyectable 3.5 mg
05450	leuprorelina suspensión inyectable 22.5 mg
05431	leuprorelina suspensión inyectable 3.75 mg
05384	multivitaminas solución inyectable. adulto
05350	drotrecogin alfa solución inyectable 20 mg
05333	eritropoyetina solución inyectable 4000 ui
05332	eritropoyetina solución inyectable 2000 ui
05238	factor ix solución inyectable 400 a 600 ui
04551	dextrán solución inyectable al 6 % 250 ml
04238	eptacog alfa solución inyectable 60 000 ui
04157	insulina humana de acción intermedia lenta
03823	vacuna pentavalente  suspensión inyectable
03822	vacuna antiinfluenza suspensión inyectable
03675	agua inyectable solución inyectable 500 ml
03633	solución de cloruro de sodio al 0.9% 50 ml
02417	isoniazida - rifampicina tableta recubierta
02342	solución para diálisis peritoneal al 1.5%
02192	ácido folínico solución inyectable 50 mg
02152	ácido folínico solución inyectable 15 mg
01591	inmunoglobulina anti d solución inyectable
01509	estrogenos conjugados y medroxiprogesterona
00641	dextrán solución inyectable al 10% 500 ml
00153	vacuna antirrubéola suspensión inyectable
00091	miel de maíz solución hidratos de carbono
00021	fórmula de proteína aislada de soya polvo
05546	agalsidasa beta solución inyectable 35 mg
05349	drotrecogin alfa solución inyectable 5 mg
04503	aurotiomalato sódico solución inyectable
04412	dorzolamida y timolol solución oftálmica
04368	abacavir - lamivudina - zidovudina tableta
04363	acetato de glatiramer solución inyectable
04059	rocuronio  bromuro de solución inyectable
04028	clonixinato de lisina solución inyectable
04026	buprenorfina solución inyectable o frasco
03674	agua inyectable solución inyectable 10 ml
03045	medroxiprogesterona suspensión inyectable
02806	cromoglicato de sodio solución oftálmica
02542	telmisartán – hidroclorotiazida tableta
02530	candesartán - cilexetilo - hidroclorotiazida
02416	isoniazida - etambutol comprimido o gragea
02178	feniramina / nafazolina solución oftálmica
02172	alcohol polivinílico solución oftálmica
01753	ciclofosfamida solución inyectable 500 mg
01752	ciclofosfamida solución inyectable 200 mg
01707	ácido folínico solución inyectable 3 mg
01504	estradiol valerato de solución inyectable
00592	isosorbida dinitrato de tableta sublingual
00591	trinitrato de glicerilo cápsula o tableta
00244	propofol emulsión inyectable 200 mg / 20 ml
05887	azacitidina suspensión inyectable 100 mg
05754	somatropina solución inyectable 6.666 mg
05753	somatropina solución inyectable 3.333 mg
05745	lixisenatida solución inyectable 0.10 mg
05744	lixisenatida solución inyectable 0.05 mg
05286	lopinavir - ritonavir tableta 100 mg /  25 mg
04465	galantamina cápsula de liberación 16 mg
04321	palivizumab solución inyectable 100.0 mg
04237	ácido aminocaproico solución inyectable
04174	teriparatida solución inyectable 250 μg
04159	corticotropina solución inyectable 40 ui
04147	corticotropina solución inyectable 60 ui
03673	agua inyectable solución inyectable 5 ml
03625	glucosa solución inyectable al 5% 100 ml
02714	complejo b tableta  comprimido o cápsula
02523	nitazoxanida gragea ó tableta recubierta
02414	rifampicina – isoniazida - pirazinamida
02303	acetazolamida solución inyectable 500 mg
02230	amoxicilina - ácido clavulánico tableta
02150	plantago ovata / senósidos a y b granulado
01904	trimetoprima - sulfametoxazol suspensión
00464	cromoglicato de sodio suspensión aerosol
00406	difenhidramina solución inyectable 10 ml
00245	propofol emulsión inyectable 500 mg / 50 m
00003	sucedáneo de leche humana de pretérmino
05752	somatropina solución inyectable 10.0 mg
05751	somatropina solución inyectable 6.70 mg
05750	somatropina solución inyectable 3.30 mg
05624	romiplostim solución inyectable 375 μg
05468	ácido zoledrónico solución inyectable
05459	oxaliplatino solución inyectable 100 mg
05400	fórmula de inicio libre de fenilalanina
05278	teicoplanina solución inyectable 200 mg
04578	teicoplanina solución inyectable 400 mg
04464	galantamina cápsula de liberación 8 mg
04340	omalizumab solución inyectable 202.5 mg
04320	palivizumab solución inyectable 50.0 mg
04298	ciclosporina cápsula de gelatina 100 mg
04156	insulina aspártica solución inyectable
03818	vacuna antirrábica solución inyectable
03661	gelatina solución inyectable poligelina
03629	magnesio sulfato de solución inyectable
03624	glucosa solución inyectable al 5% 50 ml
03623	electrolitos orales polvo para solución
03511	norelgestromina y etinilestradiol parche
03433	metilprednisolona suspensión inyectable
02745	lípidos intravenosos: aceite de pescado
01976	clindamicina solución inyectable 900 mg
01973	clindamicina solución inyectable 300 mg
01311	metronidazol solución inyectable 500 mg
01309	metronidazol solución inyectable 200 mg
01223	aluminio – magnesio tableta masticable
00474	hidrocortisona solución inyectable 2 ml
00242	fentanilo solución inyectable o frascos
05880	fulvestrant solución inyectable 250 mg
05720	paracetamol solución inyectable 500 mg
05653	panitumumab solución inyectable 100 mg
05650	mifamurtida suspensión inyectable 4 mg
05631	alprostadil solución inyectable 20 μg
05545	imiglucerasa solución inyectable 400 u
05473	bevacizumab solución inyectable 400 mg
05472	bevacizumab solución inyectable 100 mg
05458	oxaliplatino solución inyectable 50 mg
05452	pegfilgrastim solución inyectable 6 mg
05423	trastuzumab solución inyectable 440 mg
05422	trastuzumab solución inyectable 150 mg
05330	alfa dornasa solución para inhalación
05257	natalizumab solución inyectable 300 mg
05253	factor viii solución inyectable 500 ui
05236	ranibizumab solución inyectable 2.3 mg
04516	tocilizumab solución inyectable 200 mg
04402	hialuronato de sodio jeringa oftálmica
04330	montelukast comprimido recubierto 10 mg
04306	ciclosporina cápsula de gelatina 25 mg
04200	nesiritida solución inyectable 1.58 mg
04184	loperamida comprimido  tableta o gragea
04121	isosorbida mononitrato de tableta 40 mg
04120	isosorbida mononitrato de tableta 20 mg
03843	suero antiviperino solución inyectable
03842	suero antialacrán solución inyectable
03617	fosfato de potasio solución inyectable
03604	glucosa solución inyectable al  500 ml
02801	zinc y fenilefrina solución oftálmica
01776	metotrexato solución inyectable 500 mg
01766	doxorubicina solución inyectable 20 mg
01765	doxorubicina solución inyectable 50 mg
01764	doxorubicina solución inyectable 10 mg
01364	lidocaína - hidrocortisona supositorio
01100	paricalcitol solución inyectable 5 μg
01051	insulina humana acción rápida regular
00622	heparina solución inyectable 25 000 ui
00621	heparina solución inyectable 10 000 ui
00524	cloruro de potasio solución inyectable
00270	ropivacaina solución inyectable 150 mg
00248	remifentanilo solución inyectable 2 mg
00107	dextropropoxifeno cápsula o comprimido
00101	ácido acetilsalicílico tableta 500 mg
05695	ustekinumab solución inyectable 45 mg
05664	lacosamida solución inyectable 200 mg
05658	cabazitaxel solución inyectable 60 mg
05611	lanreotido solución inyectable 120 mg
05469	clodronato disódico comprimido 800 mg
05344	factor ix solución inyectable 1000 ui
05314	caspofungina solución inyectable 7 mg
05313	caspofungina solución inyectable 5 mg
05306	ácido micofenólico comprimido 500 mg
05229	ácido ascórbico solución inyectable
05167	somatropina solución inyectable 16 ui
04590	tigeciclina solución inyectable 50 mg
04513	tocilizumab solución inyectable 80 mg
04481	haloperidol solución inyectable 50 mg
04329	montelukast comprimido masticable 5 mg
04242	enoxaparina solución inyectable 20 mg
04241	dexametasona solución inyectable 8 mg
04224	enoxaparina solución inyectable 60 mg
04210	cetroelix solución inyectable 0.25 mg
04201	hidralazina solución inyectable 20 mg
04169	exenatida solución inyectable 250 μg
04164	alendronato tableta o comprimido 70 mg
04161	alendronato tableta o comprimido 10 mg
04158	insulina glargina solución inyectable
03605	glucosa solución inyectable al 100 ml
03213	clorodiazepóxido solución inyectable
02852	pilocarpina solución oftálmica al 4%
02851	pilocarpina solución oftálmica al 2%
02154	enoxaparina solución inyectable 40 mg
02116	hidralazina solución inyectable 10 mg
01955	gentamicina solución inyectable 20 mg
01954	gentamicina solución inyectable 80 mg
01931	ampicilina solución inyectable 500 mg
01774	epirubicina solución inyectable 50 mg
01773	epirubicina solución inyectable 10 mg
01760	metotrexato solución inyectable 50 mg
01708	hidroxocobalamina solución inyectable
01546	atosibán solución inyectable 37.5 mg
01545	atosibán solución inyectable 6.75 mg
01347	albendazol tableta 200 mg 100 tabletas
00642	dipiridamol solución inyectable 10 mg
00597	nifedipino cápsula de gelatina blanda
00596	verapamilo gragea o tableta recubierta
00522	lidocaína solución inyectable 100 mg
00476	metilprednisolona solución inyectable
00269	ropivacaina solución inyectable 40 mg
00263	lidocaína solución inyectable al 5 %
00262	lidocaína solución inyectable al 2 %
00221	tiopental sódico solución inyectable
05890	terbinafina solución tópica 10.0 mg
05820	abatacept solución inyectable 125 mg
05790	abatacept solución inyectable 250 mg
05743	liraglutide solución inyectable 6 mg
05610	lanreotido solución inyectable 90 mg
05552	dabigatrán etexilato cápsula 110 mg
05550	idursulfasa solución inyectable 6 mg
05471	valproato semisódico cápsula 125 mg
05445	rituximab solución inyectable 500 mg
05433	rituximab solución inyectable 100 mg
05343	factor ix solución inyectable 500 ui
05307	plerixafor solución inyectable 24 mg
05291	meropenem solución inyectable 500 mg
05173	somatropina solución inyectable 6 mg
05163	somatropina solución inyectable 4 ui
04511	etanercept solución inyectable 50 mg
04441	granisetron solución inyectable 3 mg
04440	granisetron solución inyectable 1 mg
04291	linezolid solución inyectable 200 mg
04277	tenofovir disoproxil fumarato tableta
04264	aciclovir solución inyectable 250 mg
04263	aciclovir comprimido o tableta 200 mg
04211	cetroelix solución inyectable 3.0 mg
04144	folitropina alfa solución inyectable
03253	haloperidol solución inyectable 5 mg
02627	oxcarbazepina gragea o tableta 600 mg
02626	oxcarbazepina gragea o tableta 300 mg
02126	aciclovir comprimido o tableta 400 mg
01957	amikacina solución inyectable 100 mg
01956	amikacina solución inyectable 500 mg
01940	doxiciclina cápsula o tableta 100 mg
01767	bleomicina solución inyectable 15 ui
01714	sacarato ferrico solución inyectable
01561	metronidazol óvulo o tableta vaginal
01363	lidocaína - hidrocortisona ungüento
00439	salbutamol solución para nebulizador
05721	paracetamol solución inyectable 1 g
05645	azilsartán medoxomilo tableta 80 mg
05613	denosumab solución inyectable 60 mg
05551	dabigatrán etexilato cápsula 75 mg
05543	galsulfasa solución inyectable 5 mg
05476	levomepromazina solución inyectable
05457	docetaxel solución inyectable 20 mg
05437	docetaxel solución inyectable 80 mg
05316	ácido micofenólico cápsula 250 mg
05284	cefepima solución inyectable 500 mg
05270	didanosina tableta masticable 100 mg
05186	pantoprazol o rabeprazol u omeprazol
05186	pantoprazol o rabeprazol u omeprazol
05100	milrinona solución inyectable 20 mg
04188	pancreatina cápsula o gragea 300 mg
04162	insulina lispro solución inyectable
04060	midazolam solución inyectable 50 mg
04057	midazolam solución inyectable 15 mg
03830	l - ornitina - l - aspartato granulado 3 g
03807	vacuna antirrábica para uso humano.
03663	almidón solución inyectable al 10%
03603	glucosa solución inyectable 100 ml.
03601	glucosa solución inyectable 250 ml.
03022	mitomicina solución inyectable 5 mg
02711	vitaminas y minerales solución oral
02521	losartán e hidroclorotiazida gragea
02418	isoniazida - rifampicinapirazinamida
02194	metotrexato solución inyectable 1 g
02181	levocabastina suspensión oftálmica
02137	oxitetraciclina solución inyectable
01941	doxiciclina cápsula o tableta 50 mg
01705	hierro dextrán solución inyectable
01506	estrógenos conjugados crema vaginal
01344	albendazol tableta 200 mg 2 tabletas
01302	diyodohidroxiquinoleína suspensión
01277	fosfato y citrato de sodio solución
00446	budesonida - formoterol polvo 180 mg
05305	eritropoyetina humana recombinante.
05271	didanosina tableta masticable 25 mg
05235	eritropoyetina humana recombinante.
05204	urofolitropina solución inyectable
05104	esmolol solución inyectable 100 mg
04259	ciprofloxacino solución inyectable
04145	lutropina alfa solución inyectable
03666	almidón solución inyectable al 6%
03630	glucosa solución inyectable 500 ml
03607	glucosa solución inyectable 50 ml.
03606	glucosa solución inyectable al 50%
02891	proximetacaina solución oftálmica
02877	ciclopentolato solución oftálmica
02736	dieta elemental. polvo aminoácidos
02654	levodopa y carbidopa tableta 250 mg
02403	estreptomicina solución inyectable
02210	levonorgestrel comprimido o tableta
02199	oximetazolina solución nasal 25 mg
02198	oximetazolina solución nasal 50 mg
02196	dimenhidrinato solución inyectable
02182	levoepinefrina solución oftálmica
02179	fluorometalona solución oftálmica
02174	ciprofloxacino solución oftálmica
02169	levocarnitina. solución inyectable
02108	midazolam solución inyectable 5 mg
02099	morfina solución inyectable 2.5 mg
02012	amfotericina b solución inyectable
01926	dicloxacilina cápsula o comprimido
01241	metoclopramida solución inyectable
00445	budesonida - formoterol polvo 90 mg
00150	vacuna contra rotavirus suspensión
06055	inhibidor de la esterasa c1 humano
05483	zuclopentixol solución inyectable
05462	buserelina implante de liberación
05447	mecloretamina solución inyectable
05311	cefpiroma solución inyectable 2 g
05292	meropenem
05292	meropenem solución inyectable 1 g
05264	cefuroxima solución o suspensión
05105	esmolol solución inyectable 2.5 g
05079	cloropiramina solución inyectable
04437	palonosetrón solución inyectable
04429	dactinomicina solución inyectable
04396	emtricitabina - tenofovir disoproxil
04301	ertapenem solución inyectable 1 g
04293	gatifloxacina solución inyectable
04255	ciprofloxacino cápsula ó tableta
04253	moxifloxacino solución inyectable
04249	levofloxacino solución inyectable
04229	l - asparginasa solución inyectable
04228	daunorubicina solución inyectable
04122	pentoxifilina solución inyectable
03503	noretisterona solución inyectable
03268	risperidona suspensión inyectable
03012	fluorouracilo solución inyectable
02829	sulfacetamida solución oftálmica
02822	cloramfenicol ungüento oftálmico
02821	cloramfenicol solución oftálmica
02103	morfina solución inyectable 10 mg
02102	morfina solución inyectable 50 mg
01992	cloranfenicol solución inyectable
01928	dicloxacilina solución inyectable
01921	bencilpenicilina sodica cristalina
01771	procarbazina cápsula o comprimido
01566	nistatina óvulo o tableta vaginal
01551	orciprenalina solución inyectable
01511	ciproterona - etinilestradiol gragea
01207	butilhioscina solución inyectable
01050	insulina humana acción intermedia
00801	baño coloide polvo harina de soya
00612	norepinefrina solución inyectable
00206	flunitrazepam solución inyectable
00113	butilhioscina – metamizol gragea
36253	vida suero oral plan c ( 5 sobres )
36252	vida suero oral plan b ( 5 sobres )
36251	vida suero oral plan a ( 5 sobres )
36243	vida suero oral plan c ( 4 sobres )
36242	vida suero oral plan b ( 4 sobres )
36241	vida suero oral plan a ( 4 sobres )
36233	vida suero oral plan c ( 3 sobres )
36232	vida suero oral plan b ( 3 sobres )
36231	vida suero oral plan a ( 3 sobres )
36223	vida suero oral plan c ( 2 sobres )
36222	vida suero oral plan b ( 2 sobres )
36221	vida suero oral plan a ( 2 sobres )
05456	tropisetrón solución inyectable
05429	molgramostim solución inyectable
05310	cefpiroma solución inyectable 1g
05295	cefepima solución inyectable 1 g
05277	ticarcilina y ácido clavulánico
05191	terlipresina solución inyectable
05171	octreotida suspensión inyectable
05169	desmopresina solución inyectable
05117	tenecteplasa solución inyectable
05097	levosimendan solución inyectable
04431	carboplatino solución inyectable
04416	ciclosporina solución oftálmica
04415	verteporfina solución inyectable
04361	zolmitriptano tableta dispersable
04357	sumatriptán solución inyectable
04236	ciclosporina solución inyectable
04233	mitoxantrona solución inyectable
04220	fondaparinux solución inyectable
04202	indometacina solución inyectable
04148	insulina lispro  lispro protamina
04025	ezetimiba - simvastatina comprimido
03801	vacuna bcg suspensión inyectable
03050	bcg inmunoterapeutico suspensión
02841	prednisolona solución oftálmica
02616	levetiracetam solución oral 10 g
02605	fenobarbital solución inyectable
02185	prednisolona ungüento oftálmico
02184	norfloxacino solución oftálmica
02176	dexametasona solución oftálmica
02171	levocarnitina. tableta masticable
02167	leche descremada polvo proteínas
02162	ipratropio suspensión en aerosol
02142	clorfenamina solución inyectable
02141	betametasona solución inyectable
02134	eritromicina solución inyectable
02115	isoprenalina solución inyectable
01495	estradiol valerato de gragea 2 mg
01494	estradiol valerato de gragea 1 mg
01224	aluminio – magnesio suspensión
01061	testosterona solución inyectable
01005	tiroxina /  triyodotironina tableta
00441	salmeterol suspensión en aerosol
00429	salbutamol suspensión en aerosol
00271	bupivacaína solución inyectable
00106	paracetamol solución oral 100 mg
36213	vida suero oral plan c ( 1 sobre )
36212	vida suero oral plan b ( 1 sobre )
36211	vida suero oral plan a ( 1 sobre )
05501	diclofenaco solución
05501	diclofenaco solución inyectable
05455	fludarabina solución inyectable
05438	gemcitabina solución inyectable
05428	ondansetron solución inyectable
05425	raltitrexed solución inyectable
05331	beractant suspensión inyectable
05328	pentamidina solución inyectable
05315	voriconazol solución inyectable
05308	basiliximab solución inyectable
05268	ganciclovir solución inyectable
05172	somatostina solución inyectable
05161	calcitonina solución inyectable
05111	valsartán comprimido recubierto
04444	dexrazoxano solución inyectable
04436	oprelvekina solución inyectable
04435	vinorelbina solución inyectable
04434	idarubicina solución inyectable
04413	brimonidina solución oftálmica
04411	latanoprost solución oftálmica
04410	dorzolamida solución oftálmica
04409	tropicamida solución oftálmica
04408	diclofenaco sódico
04408	diclofenaco solución oftálmica
04407	tetracaína solución oftálmica
04269	enfuvirtida solución inyectable
04254	ceftazidima solución inyectable
04251	vancomicina solución inyectable
04154	vasopresina solución inyectable
04148	insulina lispro lispro protamina
04113	polidocanol solución inyectable
04036	etofenamato solución inyectable
03443	orfenadrina solución inyectable
03266	mirtazapina solución inyectable
03261	flupentixol solución inyectable
03247	perfenazina solución inyectable
03241	trifluoperazina gragea o tableta
03003	dacarbazina solución inyectable
02893	hipromelosa solución oftálmica
02874	homatropina solución oftálmica
02871	fenilefrina solución oftálmica
02828	gentamicina solución oftálmica
02827	idoxuridina solución oftálmica
02826	idoxuridina ungüento oftálmico
02814	hipromelosa solución oftálmica
02189	tobramicina solución oftálmica
02177	dipivefrina solución oftálmica
02117	propranolol solución inyectable
01937	ceftriaxona solución inyectable
01770	vinblastina solución inyectable
01768	vincristina solución inyectable
01542	oxitocina. solución inyectable.
01541	carbetocina solución inyectable
01301	diyodohidroxiquinoleína tableta
00811	fluocinolona acetónido de crema
00523	potasio sales de tableta soluble
00432	terbutalina solución inyectable
00426	aminofilina solución inyectable
00291	neostigmina solución inyectable
05453	pemetrexed solución inyectable
05444	irinotecan solución inyectable
05439	amifostina solución inyectable
05435	paclitaxel solución inyectable
05432	filgrastim solución inyectable
05354	nimodipino solución inyectable
05256	cefalotina solución inyectable
05246	aprotinina solución inyectable
05181	octreotida solución inyectable
05085	daclizumab solución inyectable
05083	tacrolimus solución inyectable
04512	adalimumab solución inyectable
04510	etanercept solución inyectable
04508	infliximab solución inyectable
04489	olanzapina solución inyectable
04448	bortezomib solución inyectable
04432	ifosfamida solución inyectable
04418	travoprost solución oftálmica
04370	efavirenz comprimido recubierto
04318	efalizumab solución inyectable
04268	lamivudina - zidovudina tableta
04230	etopósido solución inyectable
04185	acido ursodeoxicólico cápsula
04107	amiodarona solución inyectable
04054	flumazenil solución inyectable
03835	vitamina a solución 200 000 ui
03046	cisplatino solución inyectable
02804	nafazolina solución oftálmica
02662	piridostigmina gragea o tableta
02653	biperideno solución inyectable
02642	rotigotina parche 13.5 mg / 30cm2
02624	fenitoína solución inyectable
02623	valproato de magnesio solución
02614	clonazepam solución inyectable
02308	furosemida solución inyectable
02188	ipratropio - sambutamol solución
02135	fluconazol solución inyectable
02100	buprenorfina tableta sublingual
01981	tetraciclina tableta o cápsula
01971	eritromicina cápsula o tableta
01951	kanamicina solución inyectable
01935	cefotaxima solución inyectable
01775	citarabina solución inyectable
01758	carmustina solución inyectable
01710	metenolona solución inyectable
01496	estradiol noretisterona tableta
01234	ranitidina solución inyectable
01095	calcitriol cápsula de gelatina
00822	benzoilo loción dérmica o gel
00615	dobutamina solución inyectable
00611	epinefrina solución inyectable
00598	verapamilo solución inyectable
00593	isosorbida dinitrato de tableta
00573	prazosina cápsula o comprimido
00568	diazóxido solución inyectable
05737	rivaroxabán comprimido 2.5 mg
05620	vildagliptina comprimido 50 mg
05475	cetuximab solución inyectable
05351	metilfenidato comprimido 10 mg
05107	alteplasa solución inyectable
05099	adenosina solución inyectable
04585	oseltamivir suspensión 0.9 mg
04247	abciximab solución inyectable
04225	imatinib comprimido recubierto
04152	sitagliptina comprimido 100 mg
04123	tirofiban solución inyectable
04117	pentoxifilina tableta o gragea
04111	trinitrato de glicerilo parche
03146	fexofenadina comprimido 180 mg
03145	fexofenadina comprimido 120 mg
03112	difenidol solución inyectable
02830	aciclovir ungüento oftálmico
02640	rotigotina parche 4.5 mg / 10cm2
02471	clorfenamina compuesta tableta
02183	medrisona solución oftálmica
02173	betaxolol solución oftálmica
02156	espironolactona tableta 100 mg
01939	cefalexina tableta ó cápsula
01331	niclosamida tableta masticable
00871	alibour polvo sulfato de cobre
00625	protamina solución inyectable
00514	paracetamol supositorio 100 mg
00477	beclometasona  dipropionato de
00254	vecuronio solución inyectable
00243	etomidato solución inyectable
00132	nalbufina solución inyectable
00105	paracetamol supositorio 300 mg
05736	rivaroxabán comprimido 20 mg
05735	rivaroxabán comprimido 15 mg
05544	rivaroxabán comprimido 10 mg
05466	cultivo bcg suspensión 30 mg
05280	raltegravir comprimido 400 mg
05276	lopinavir - ritonavir solución
05267	fluconazol cápsula o tableta
05160	sevelámero comprimido 800 mg
05126	metoxaleno cápsula o tableta
04515	leflunomida comprimido 100 mg
04488	venlafaxina cápsula o gragea
04484	sertralina cápsula o tableta
04483	fluoxetina cápsula o tableta
04276	emtricitabina cápsula 200 mg
04256	talidomida tableta o cápsula
04153	sitagliptina comprimido 50 mg
04112	resina de colestiramina polvo
02873	atropina ungüento oftálmico
02872	atropina solución oftálmica
02710	vitaminas y minerales tableta
02643	rotigotina parche 18 mg / 40cm2
02618	levetiracetam tableta 1000 mg
02524	nitazoxanida suspensión oral
02522	vacuna acelular antipertussis
02520	losartán gragea o comprimido
02435	benzonatato supositorio 50 mg
02431	dextrometorfano jarabe 300 mg
02331	fenazopiridina tableta 100 mg
02304	espironolactona tableta 25 mg
02206	deferasirox comprimido 500 mg
02205	deferasirox comprimido 250 mg
02204	deferasirox comprimido 125 mg
02191	vitamina a cápsula 50 000 ui
02161	dextrometorfano jarabe 200 mg
02160	codeína con efedrina tableta
02130	amoxicilina acido clavulanico
02129	amoxicilina acido clavulanico
02125	glucagon solución inyectable
02107	efedrina solución inyectable
02106	tramadol solución inyectable
01929	ampicilina tableta o cápsula
01711	ácido fólico tableta 0.4 mg
01502	estrógenos conjugados gragea
01244	mesalazina suspensión rectal
01093	danazol cápsula o comprimido
00901	podofilina solución dérmica
00614	dopamina solución inyectable
00525	fenitoína tableta o cápsula
00504	digoxina solución inyectable
00302	naloxona solución inyectable
00246	propofol emulsión inyectable
00226	ketamina solución inyectable
00204	atropina solución inyectable
00202	diazepam solución inyectable
05841	indacaterol cápsula 300 μg
05840	indacaterol cápsula 150 μg
05691	desmopresina tableta 120 μg
05656	everolimus comprimido 2.5 mg
05463	temozolomida cápsula 100 mg
05395	tiamina solución inyectable
05302	nitrofurantoína suspensión
05288	lopinavir - ritonavir cápsula
04582	oseltamivir cápsula 75.0 mg
04514	leflunomida comprimido 20 mg
04509	deflazacort suspensión oral
04428	lomustina cápsula lomustina
04378	selenio solución inyectable
04360	rizatriptán tableta u oblea
04302	finasterida gragea o tableta
04300	levofloxacino tableta 750 mg
04299	levofloxacino tableta 500 mg
04176	neomicina cápsula o tableta
03415	piroxicam cápsula o tableta
03044	medroxiprogesterona tabletas
03001	tiotepa solución inyectable
02858	timolol solución oftálmica
02715	vitamina e gragea o cápsula
02641	rotigotina parche 9 mg / 20cm2
02617	levetiracetam tableta 500 mg
02608	carbamazepina tableta 200 mg
02306	manitol solución inyectable
02302	acetazolamida tableta 250 mg
02212	desogestrel tableta 0.075 mg
02193	glicofosfopéptical cápsula
02164	carbamazepina tableta 400 mg
02112	diltiazem tabletas o grageas
02096	tramadol - paracetamol tableta
02096	tramadol - paracetamol
01702	fumarato ferroso suspensión
01497	estradiol ciproterona gragea
01282	glicerol supositorio 1.380 g
01278	glicerol supositorio 2.632 g
01270	senosidos a - b solución oral
01097	desmopresina solución nasal
00442	salmeterol - fluticasona polvo
00409	hidroxizina gragea o tableta
00273	bupivacaína con epinefrína
00108	metamizol sódico comprimido
06077	empagliflozina - metformina
05699	etoricoxib comprimido 90 mg
05690	desmopresina tableta 60 μg
05652	everolimus comprimido 10 mg
05619	lenalidomida cápsula 25 mg
05618	lenalidomida cápsula 15 mg
05617	lenalidomida cápsula 10 mg
05480	sorafenib comprimido 200 mg
05474	erlotinib comprimido 150 mg
05465	temozolomida cápsula 20 mg
05319	dutasterida cápsula 0.5 mg
04371	abacavir - lamivudina tableta
04358	pregabalina cápsula 150 mg
04294	ciclosporina emulsión oral
04244	fluvastatina cápsula 20 mg
04190	pancreatina cápsula 150 mg
04023	rosuvastatina tableta 10 mg
03302	imipramina gragea o tableta
03150	levocetirizina tableta 5 mg
03102	fenilefrina solución nasal
02601	fenobarbital tableta 100 mg
02482	prednisolona solución oral
02144	loratadina tableta o gragea
02040	prazicuantel tableta 600 mg
01969	azitromicina tableta 500 mg
01903	trimetoprima - sulfametoxazol
01706	ácido fólico tableta 5 mg
01700	ácido fólico tableta 4 mg
01346	prazicuantel tableta 150 mg
01233	ranitidina gragea o tableta
01102	paricalcitol cápsula 4 μg
01101	paricalcitol cápsula 2 μg
00912	benzoilo al 5% y azufre 2 %
00659	fluvastatina cápsula 40 mg
00080	nicotina tableta masticable
05771	crizotinib cápsula 250 mg
05770	crizotinib cápsula 200 mg
05675	boceprevir cápsula 200 mg
05657	abiraterona tableta 250 mg
05651	everolimus comprimido 5 mg
05616	lenalidomida cápsula 5 mg
05503	sulindaco tableta o gragea
05482	sunitinib cápsula 12.5 mg
05464	megestrol suspensión oral
05461	capecitabina gragea 500 mg
05460	capecitabina gragea 150 mg
05454	tietilperazina supositorio
05442	idarubicina cápsula 10 mg
05441	idarubicina cápsula 25 mg
05377	cromo solución inyectable
05356	lamotrigina tableta 100 mg
05323	didanosina cápsula 400 mg
05322	didanosina cápsula 250 mg
05321	didanosina cápsula 200 mg
05320	didanosina cápsula 125 mg
05318	voriconazol tableta 200 mg
05274	zidovudina cápsula 250 mg
04584	oseltamivir cápsula 30 mg
04583	oseltamivir cápsula 45 mg
04580	rimantadina solución oral
04480	escitalopram tableta 10 mg
04446	vinorelbina cápsula 30 mg
04445	vinorelbina cápsula 20 mg
04438	granisetron solución oral
04433	mesna solución inyectable
04356	pregabalina cápsula 75 mg
04267	atazanavir cápsula 200 mg
04266	atazanavir cápsula 150 mg
04260	nistatina suspensión oral
04258	ciprofloxacino suspensión
04257	zidovudina cápsula 100 mg
04227	imatinib comprimido 400 mg
04160	fludrocortisona comprimido
04096	irbesartán tableta 300 mg
04095	irbesartán tableta 150 mg
03421	meloxicam suspensión oral
03406	acemetacina cápsula 90 mg
03405	acemetacina cápsula 60 mg
03309	atomoxetina cápsula 60 mg
03308	atomoxetina cápsula 40 mg
03307	atomoxetina cápsula 10 mg
03265	ziprasidona cápsula 80 mg
03264	ziprasidona cápsula 40 mg
03262	risperidona solución oral
02500	alprazolam tableta 0.25 mg
02322	ácido nalidíxico tableta
02249	cinitaprida solución oral
01925	benzatina bencilpenicilina
01273	aceite de ricino solución
00861	bencilo emulsión dérmica
00656	ácido nicotínico tableta
00085	vareniclina tableta 0.5 mg
05832	nitisinona cápsula 10 mg
05671	rifaximina tableta 200 mg
05663	lacosamida tableta 200 mg
05662	lacosamida tableta 150 mg
05661	lacosamida tableta 100 mg
05637	eltrombopag tableta 50 mg
05636	eltrombopag tableta 25 mg
05622	saxagliptina tableta 5 mg
05621	linagliptina tableta 5 mg
05506	celecoxib cápsula 200 mg
05505	celecoxib cápsula 100 mg
05379	zinc solución inyectable
05363	topiramato tableta 100 mg
05358	lamotrigina tableta 25 mg
05317	voriconazol tableta 50 mg
05298	efavirenz cápsula 200 mg
05296	nevirapina tableta 200 mg
05282	lamivudina tableta 150 mg
05275	etravirina tableta 100 mg
05260	cloranfenicol suspensión
04507	deflazacort tableta 30 mg
04492	aripiprazol tableta 30 mg
04491	aripiprazol tableta 20 mg
04490	aripiprazol tableta 15 mg
04385	entecavir tableta 0.50 mg
04380	rivastigmina parche 18 mg
04373	valganciclovir comprimido
04367	eletriptán tableta 80 mg
04366	eletriptán tableta 40 mg
04326	acetilcisteína solución
04322	nilotinib cápsula 200 mg
04309	sildenafil tableta 100 mg
04307	cilostazol tableta 100 mg
04262	efavirenz cápsula 100 mg
04261	ofloxacina tableta 400 mg
04226	hidroxicarbamida cápsula
04166	risedronato gragea 5.0 mg
03451	alopurinol tableta 300 mg
02707	ácido ascórbico tableta
02650	pramipexol tableta 1.0 mg
02649	pramipexol tableta 0.5 mg
02628	oxcarbazepina suspensión
02620	ácido valproico cápsula
02609	carbamazepina suspensión
02503	alopurinol tableta 100 mg
02301	hidroclorotiazida tableta
02157	furosemida solución oral
02098	buprenorfina parche 20 mg
02097	buprenorfina parche 30 mg
01927	dicloxacilina suspensión
01911	nitrofurantoína cápsula
01754	clorambucilo tableta 2 mg
01704	sulfato ferroso solución
01275	magnesio suspensión oral
01222	aluminio suspensión oral
01098	vitaminas a.c.d solución
00539	propranolol tableta 10 mg
00530	propranolol tableta 40 mg
00463	ketotifeno solución oral
00022	caseinato de calcio polvo
00007	metformina  glibenclamida
06035	bromuro de glicopirronio
05862	darunavir tableta 150 mg
05860	darunavir tableta 400 mg
05845	sildenafil tableta 20 mg
05831	nitisinona cápsula 5 mg
05830	nitisinona cápsula 2 mg
05731	apixabán tableta 2.5 mg
05730	ticagrelor tableta 90 mg
05660	lacosamida tableta 50 mg
05655	pazopanib tableta 400 mg
05654	pazopanib tableta 200 mg
05600	bosentan tableta 62.5 mg
05486	olanzapina tableta 10 mg
05446	tegafur - uracilo cápsula
05421	lapatinib tableta 250 mg
05365	topiramato tableta 25 mg
05325	maraviroc tableta 300 mg
05324	maraviroc tableta 150 mg
05273	zidovudina solución 1 g
05269	didanosina solución 4 g
05266	didanosina soluciòn 2 g
05234	d - biotina cápsulas 5 mg
05233	ácido folínico tableta
05086	sirolimus solución oral
05084	tacrolimus cápsula 1 mg
05082	tacrolimus cápsula 5 mg
04505	deflazacort tableta 6 mg
04478	flunitrazepam comprimido
04379	rivastigmina parche 9 mg
04365	donepecilo tableta 10 mg
04311	vardenafil tableta 20 mg
04310	vardenafil tableta 10 mg
04308	sildenafil tableta 50 mg
04304	tolterodina tableta 2 mg
04290	linezolid tableta 600 mg
04289	darunavir tableta 600 mg
04271	lamivudina solución 1 g
04167	risedronato gragea 35 mg
03900	rimonabant tableta 20 mg
03412	indometacina supositorio
03401	ácido acetilsalicílico
03047	tamoxifeno tableta 20 mg
02433	benzonatato perla 100 mg
02140	roxitromicina comprimido
02032	primaquina tableta 15 mg
01972	eritromicina suspensión
01701	fumarato ferroso tableta
01310	metronidazol suspensión
01271	plántago psyllium polvo
01243	metoclopramida solución
01207	butilhioscina o hioscina
01206	butilhioscina o hioscina
00865	permetrina solución 1 g
00566	metildopa tableta 250 mg
00473	prednisona tableta 50 mg
00154	aceite mineral solución
00086	vareniclina tableta 1 mg
00010	glucosamina  condroitina
05861	darunavir tableta 75 mg
05665	rasagilina tableta 1 mg
05603	prasugrel tableta 10 mg
05601	bosentan tableta 125 mg
05485	olanzapina tableta 5 mg
05187	omeprazol o pantoprazol
04372	valaciclovir comprimido
04364	donepecilo tableta 5 mg
04323	dasatinib tableta 50 mg
04129	isotretinoína cápsula
04031	capsaicina crema envase
03204	levomepromazina tableta
02651	trihexifenidilo tableta
02502	tioridazina suspensión
02499	alprazolam tableta 2 mg
02410	rifampicina suspensión
02147	cisaprida tableta 10 mg
02127	amoxicilina suspensión
02121	lecitina vegetal jabón
02031	primaquina tableta 5 mg
01703	sulfato ferroso tableta
00903	fluorouracilo ungüento
00472	prednisona tableta 5 mg
05732	apixabán tableta 5 mg
05602	prasugrel tableta 5 mg
05355	vigabatrina comprimido
05259	nevirapina suspensión
04386	entecavir tableta 1 mg
04337	budesonida suspensión
04270	emtricitabina cápsula
04191	polietilenglicol polvo
04189	mesalazina supositorio
04175	mesalazina supositorio
04141	mometasona suspensión
03113	dimenhidrinato tableta
02896	fluoresceína sódica.
02611	fenitoína suspensión
02247	cinitaprida comprimido
02242	carbón activado polvo
02132	claritromicina tableta
02122	lecitina vegetal crema
02119	betametasona ungüento
01991	cloranfenicol cápsula
01930	ampicilina suspensión
01761	mercaptopurina tableta
01345	albendazol suspensión
01272	senósidos a - b tableta
01242	metoclopramida tableta
01209	cisaprida tableta 5 mg
01204	dicicloverina cápsula
00904	ácido retinoico crema
00425	pseudoefedrina tableta
00084	nicotina parche 114 mg
05484	zuclopentixol tableta
05443	estramustina cápsula
05427	tropisetrón cápsula
05424	nilutamida comprimido
05300	nelfinavir comprimido
05164	testosterona cápsula
05106	atorvastatina tableta
04526	levonorgestrel gragea
04504	sulfasalazina tableta
04482	bromazepam comprimido
04477	haloperidol solución
04335	montelukast granulado
04292	gatifloxacina tableta
04278	fosamprenavir tableta
04265	ciprofibrato cápsula
04252	moxifloxacino tableta
04126	sulfadiazina de plata
04029	morfina tableta 30 mg
04028	clonixinato de lisina
03510	etonogestrel implante
03419	naproxeno suspensión
03419	naproxeno suspensión oral
03413	indometacina cápsula
03305	amitriptilina tableta
02607	primidona suspensión
02248	cinitaprida granulado
02159	bromhexina comprimido
02133	clindamicina cápsula
01751	ciclofosfamida gragea
01552	orciprenalina tableta
01208	cisaprida suspensión
01096	bromocriptina tableta
01042	glibenclamida tableta
00664	bufenina ( nilhidrina )
00434	pseudoefedrina jarabe
00405	difenhidramina jarabe
00131	petidina ( meperidina )
00083	nicotina parche 78 mg
00082	nicotina parche 36 mg
00011	pinaverio  simeticona
06019	hialuronato de sodio
05440	bicalutamida tableta
05353	flunarizina cápsula
05309	tamsulosina cápsula
05261	pirimetamina tableta
05241	interferón alfa 2ª
05228	interferón alfa 2ª
04581	rimantadina cápsula
04359	gabapentina cápsula
04194	tegaserod comprimido
04150	rosiglitazona gragea
04149	pioglitazona tableta
04132	mometasona ungüento
04130	tacalcitol ungüento
04124	simvastatina tableta
03444	metocarbamol tableta
03432	dexametasona tableta
03259	clozapina comprimido
03216	diazepam suspensión
02619	fenobarbital elíxir
02613	clonazepam solución
02602	fenobarbital tableta
02540	telmisartán tableta
02519	nitazoxanida tableta
02504	ketoprofeno cápsula
02413	pirazinamida tableta
02208	levonorgestrel polvo
02202	penicilamina tableta
02187	ipratropio solución
02163	cefaclor suspensión
02158	bromhexina solución
02128	amoxicilina cápsula
02123	mupirocina ungüento
02113	hidromorfona tableta
02101	clonidina comprimido
02018	itraconazol cápsula
01970	telitromicina gragea
01709	oximetolona. tableta
01521	clormadinona tableta
01308	metronidazol tableta
01206	butilhioscina gragea
01099	desmopresina tableta
01007	levotiroxina tableta
00813	hidrocortisona crema
00804	óxido de zinc pasta
00657	pravastatina tableta
00624	acenocumarol tableta
00561	clortalidona tableta
00402	clorfenamina tableta
00264	lidocaína solución
00233	sevoflurano líquido
05490	mirtazapina tableta
05448	ácido pamidrónico
05436	tretinoina cápsula
05420	ciproterona tableta
05366	topiramato cápsula
05299	delavirdina tableta
05294	estavudina cápsula
05293	estavudina cápsula
05290	saquinavir cápsula
05272	zalcitabina tableta
05245	interferón alfa 2b
05188	esomeprazol tableta
05130	antralina ungüento
04527	linestrenol tableta
04485	duloxetina cápsula
04442	aprepitant cápsula
04369	efavirenz solución
04336	budesonida cápsula
04331	zafirlukast tableta
04305	oxibutinina tableta
04275	amprenavir cápsula
04274	tipranavir cápsula
03461	azatioprina tableta
03258	risperidona tableta
03251	haloperidol tableta
02462	ambroxol comprimido
02195	ondansetron tableta
02139	ribavirina cápsula
02110	neostigmina tableta
02016	ketoconazol tableta
01759	metotrexato tableta
01263	bismuto suspensión
01094	cabergolina tableta
01062	mesterolona tableta
01041	tolbutamida tableta
00658	policosanol tableta
00655	bezafibrato tableta
00570	hidralazina tableta
00537	propafenona tableta
00433	terbutalina tableta
00408	clorfenamina jarabe
00234	desflurano líquido
00232	isoflurano líquido
00104	paracetamol tableta
06070	fibrinogeno humano
06003	tinzaparina sodica
05489	quetiapina tableta
05487	citalopram tableta
05481	paroxetina tableta
05479	tioridazina gragea
05451	cinarizina tableta
05449	anastrozol tableta
05281	ritonavir cápsula
05279	indinavir cápsula
05232	piridoxina tableta
05176	sucralfato tableta
05165	metformina tableta
04487	reboxetina tableta
04439	granisetron gragea
04272	abacavir solución
04246	clopidogrel gragea
04217	progesterona perla
04208	dinoprostona ovulo
04163	raloxifeno tableta
04139	minociclina gragea
04134	hidroquinona crema
04133	mometasona loción
04110	amiodarona tableta
03453	probenecid tableta
03409	colchicina tableta
03263	flupentixol gragea
03143	epinastina tableta
02652	biperideno tableta
02612	clonazepam tableta
02610	fenitoína tableta
02545	carvenidol tableta
02463	ambroxol solución
02404	isoniazida tableta
02333	metenamina tableta
02307	furosemida tableta
02143	hidroxizina jarabe
02136	mebendazol tableta
02111	amlodipino tableta
02030	cloroquina tableta
01314	quinfamida tableta
00623	warfarina. tableta
00572	metoprolol tableta
00081	nicotina solución
05930	darbepoetina alfa
05502	levamisol tableta
05478	lorazepam tableta
05470	gefitinib tableta
05430	megestrol tableta
05426	flutamida tableta
05418	exemestano gragea
05075	teofilina elíxir
04312	tadalafil tableta
04186	mesalazina gragea
04024	ezetimiba tableta
03842	suero antialacran
03616	solucion hartmann
03423	meloxicam tableta
03407	naproxeno tableta
03206	triazolam tableta
03111	difenidol tableta
02606	primidona tableta
02405	etambutol tableta
02151	ranitidina jarabe
02145	loratadina jarabe
02131	cefaclor cápsula
02109	midazolam tableta
02042	tinidazol tableta
01756	melfalán tableta
01733	menadiona tableta
01708	hidroxocobalamina
01562	nitrofural óvulo
01531	clomifeno tableta
01503	mestranol tableta
01210	pinaverio tableta
01006	calcio comprimido
00574	captopril tableta
00527	quinidina tableta
00476	metilprednisolona
00438	terbutalina polvo
00431	salbutamol jarabe
00222	halotano líquido
05396	dieta elemental.
05289	nelfinavir polvo
05166	acarbosa tableta
05087	sirolimus gragea
04375	adefovir tableta
04334	budesonida polvo
04273	abacavir tableta
04215	progesterona gel
04207	progesterona gel
04203	dinoprostona gel
04136	clindamicina gel
04027	fentanilo parche
03215	diazepam tableta
02207	tibolona tableta
02165	clobazam tableta
02138	pirantel tableta
02024	isoconazol crema
01755	busulfan tableta
01702	fumarato ferroso
01701	fumarato ferroso
01221	aluminio tableta
01022	tiamazol tableta
00872	clioquinol crema
00503	digoxina elíxir
00502	digoxina tableta
00109	metamizol sodico
00108	metamizol sodico
88888	no especificado
06073	elosulfasa alfa
06048	dimetilfumarato
06015	moroctocog alfa
05541	letrozol gragea
05302	nitrofurantoina
04374	zanamivir polvo
04162	insulina lispro
04140	imiquimod crema
04135	ácido azelaico
02242	carbon activado
02161	dextrometorfano
02120	higroplex crema
02034	quinina tableta
01911	nitrofurantoina
01051	insulina humana
01050	insulina humana
00911	lindano shampoo
00906	dapsona tableta
00891	miconazol crema
00005	acido ascorbico
﻿U00008	diclofenaco
04259	ciprofloxacino
04255	ciprofloxacino
02132	claritromicina
01305	dehidroemetina
01243	metoclopramida
01242	metoclopramida
01241	metoclopramida
00260	lidocaína gel
00001	acetilcisteina
05352	cloral jarabe
05285	gatifloxacina
05205	gonadorelina.
04206	estriol crema
03255	litio tableta
02608	carbamazepina
01926	dicloxacilina
01552	orciprenalina
01551	orciprenalina
01042	glibenclamida
00874	nitrofurazona
00804	oxido de zinc
06039	buprenorfina
06038	buprenorfina
06010	dolutegravir
05133	tromantadina
04241	dexametasona
04217	progesterona
04131	pimecrolimus
03444	metocarbamol
03413	indometacina
03412	indometacina
03311	moclobemida.
02141	betametasona
02133	clindamicina
01973	clindamicina
01971	eritromicina
01901	sulfadiazina
01700	acido folico
01561	metronidazol
01310	metronidazol
01308	metronidazol
00657	pravastatina
00535	disopiramida
00505	deslanósido
00402	clorfenamina
06012	misoprostol
06012	misoprostol
06011	misoprostol
05900	almotriptan
05721	paracetamol
05501	diclofenaco
04201	hidralazina
04138	gentamicina
04137	tretinoína
04099	telmisartan
03417	diclofenaco
03417	diclofenaco capsula
02518	nicardipino
02515	ganciclovir
02149	misoprostol
02128	amoxicilina
02127	amoxicilina
02018	itraconazol
01937	ceftriaxona
00106	paracetamol
00105	paracetamol
00104	paracetamol
00009	diclofenaco
00006	diclofenaco
44435	vinorelbina
06076	ibuprofeno
06074	etravirina
06071	ivabradina
06067	nintedanib
06022	macitentan
05944	ibuprofeno
05943	ibuprofeno
05942	ibuprofeno
05941	ibuprofeno
05940	ibuprofeno
05935	dabigatran
05920	ribavirina
05110	nifedipino
04125	fosinopril
03422	ketorolaco
02714	complejo b
02513	terazosina
02507	lisinopril
02307	furosemida
02305	amilorida.
02162	ipratropio
02157	furosemida
02148	lidocaína
02145	loratadina
02144	loratadina
02136	mebendazol
02123	mupirocina
02021	tolciclato
01939	cefalexina
01935	cefotaxima
01931	ampicilina
01930	ampicilina
01929	ampicilina
01562	nitrofural
01344	albendazol
01234	ranitidina
01233	ranitidina
00599	nifedipino
00597	nifedipino
00253	pancuronio
05990	icatibant
05825	belimumab
05504	rofecoxib
05180	omeprazol
04116	enalapril
03423	meloxicam
03419	naproxeno
03407	naproxeno
03141	astemizol
03111	difenidol
02830	aciclovir
02501	enalapril
02126	aciclovir
01956	amikacina
01566	nistatina
01542	oxitocina
01210	pinaverio
00891	miconazol
00574	captopril
00566	metildopa
00224	enflurano
00003	aciclovir
05102	amrinona
02463	ambroxol
02462	ambroxol
02124	padimato
00506	ouabaina
00202	diazepam